{"frames":{"child00":{"frame":{"x":21,"y":0,"w":20,"h":30},"rotated":false,"trimmed":false,"spriteSourceSize":{"x":0,"y":0,"w":20,"h":30},"sourceSize":{"w":20,"h":30}},"child01":{"frame":{"x":0,"y":62,"w":20,"h":30},"rotated":false,"trimmed":false,"spriteSourceSize":{"x":0,"y":0,"w":20,"h":30},"sourceSize":{"w":20,"h":30}},"child02":{"frame":{"x":0,"y":31,"w":20,"h":30},"rotated":false,"trimmed":false,"spriteSourceSize":{"x":0,"y":0,"w":20,"h":30},"sourceSize":{"w":20,"h":30}},"child03":{"frame":{"x":21,"y":31,"w":20,"h":30},"rotated":false,"trimmed":false,"spriteSourceSize":{"x":0,"y":0,"w":20,"h":30},"sourceSize":{"w":20,"h":30}},"child04":{"frame":{"x":42,"y":0,"w":20,"h":30},"rotated":false,"trimmed":false,"spriteSourceSize":{"x":0,"y":0,"w":20,"h":30},"sourceSize":{"w":20,"h":30}},"child05":{"frame":{"x":42,"y":31,"w":20,"h":30},"rotated":false,"trimmed":false,"spriteSourceSize":{"x":0,"y":0,"w":20,"h":30},"sourceSize":{"w":20,"h":30}},"child06":{"frame":{"x":63,"y":0,"w":20,"h":30},"rotated":false,"trimmed":false,"spriteSourceSize":{"x":0,"y":0,"w":20,"h":30},"sourceSize":{"w":20,"h":30}},"child07":{"frame":{"x":63,"y":31,"w":20,"h":30},"rotated":false,"trimmed":false,"spriteSourceSize":{"x":0,"y":0,"w":20,"h":30},"sourceSize":{"w":20,"h":30}},"child08":{"frame":{"x":0,"y":0,"w":20,"h":30},"rotated":false,"trimmed":false,"spriteSourceSize":{"x":0,"y":0,"w":20,"h":30},"sourceSize":{"w":20,"h":30}},"child09":{"frame":{"x":21,"y":62,"w":20,"h":30},"rotated":false,"trimmed":false,"spriteSourceSize":{"x":0,"y":0,"w":20,"h":30},"sourceSize":{"w":20,"h":30}},"child10":{"frame":{"x":42,"y":62,"w":20,"h":30},"rotated":false,"trimmed":false,"spriteSourceSize":{"x":0,"y":0,"w":20,"h":30},"sourceSize":{"w":20,"h":30}},"child11":{"frame":{"x":63,"y":62,"w":20,"h":30},"rotated":false,"trimmed":false,"spriteSourceSize":{"x":0,"y":0,"w":20,"h":30},"sourceSize":{"w":20,"h":30}},"child12":{"frame":{"x":84,"y":0,"w":20,"h":30},"rotated":false,"trimmed":false,"spriteSourceSize":{"x":0,"y":0,"w":20,"h":30},"sourceSize":{"w":20,"h":30}},"child13":{"frame":{"x":84,"y":31,"w":20,"h":30},"rotated":false,"trimmed":false,"spriteSourceSize":{"x":0,"y":0,"w":20,"h":30},"sourceSize":{"w":20,"h":30}},"child14":{"frame":{"x":84,"y":62,"w":20,"h":30},"rotated":false,"trimmed":false,"spriteSourceSize":{"x":0,"y":0,"w":20,"h":30},"sourceSize":{"w":20,"h":30}},"child15":{"frame":{"x":0,"y":93,"w":20,"h":30},"rotated":false,"trimmed":false,"spriteSourceSize":{"x":0,"y":0,"w":20,"h":30},"sourceSize":{"w":20,"h":30}}},"meta":{"app":"https://www.leshylabs.com/apps/sstool/","version":"Leshy SpriteSheet Tool v0.8.4","image":"child no hat.png","size":{"w":104,"h":123},"scale":1}}