{"frames":{"kid00":{"frame":{"x":21,"y":0,"w":20,"h":30},"rotated":false,"trimmed":false,"spriteSourceSize":{"x":0,"y":0,"w":20,"h":30},"sourceSize":{"w":20,"h":30}},"kid01":{"frame":{"x":0,"y":62,"w":20,"h":30},"rotated":false,"trimmed":false,"spriteSourceSize":{"x":0,"y":0,"w":20,"h":30},"sourceSize":{"w":20,"h":30}},"kid02":{"frame":{"x":0,"y":31,"w":20,"h":30},"rotated":false,"trimmed":false,"spriteSourceSize":{"x":0,"y":0,"w":20,"h":30},"sourceSize":{"w":20,"h":30}},"kid03":{"frame":{"x":21,"y":31,"w":20,"h":30},"rotated":false,"trimmed":false,"spriteSourceSize":{"x":0,"y":0,"w":20,"h":30},"sourceSize":{"w":20,"h":30}},"kid04":{"frame":{"x":42,"y":0,"w":20,"h":30},"rotated":false,"trimmed":false,"spriteSourceSize":{"x":0,"y":0,"w":20,"h":30},"sourceSize":{"w":20,"h":30}},"kid05":{"frame":{"x":42,"y":31,"w":20,"h":30},"rotated":false,"trimmed":false,"spriteSourceSize":{"x":0,"y":0,"w":20,"h":30},"sourceSize":{"w":20,"h":30}},"kid06":{"frame":{"x":63,"y":0,"w":20,"h":30},"rotated":false,"trimmed":false,"spriteSourceSize":{"x":0,"y":0,"w":20,"h":30},"sourceSize":{"w":20,"h":30}},"kid07":{"frame":{"x":63,"y":31,"w":20,"h":30},"rotated":false,"trimmed":false,"spriteSourceSize":{"x":0,"y":0,"w":20,"h":30},"sourceSize":{"w":20,"h":30}},"kid08":{"frame":{"x":0,"y":0,"w":20,"h":30},"rotated":false,"trimmed":false,"spriteSourceSize":{"x":0,"y":0,"w":20,"h":30},"sourceSize":{"w":20,"h":30}},"kid09":{"frame":{"x":21,"y":62,"w":20,"h":30},"rotated":false,"trimmed":false,"spriteSourceSize":{"x":0,"y":0,"w":20,"h":30},"sourceSize":{"w":20,"h":30}},"kid10":{"frame":{"x":42,"y":62,"w":20,"h":30},"rotated":false,"trimmed":false,"spriteSourceSize":{"x":0,"y":0,"w":20,"h":30},"sourceSize":{"w":20,"h":30}},"kid11":{"frame":{"x":63,"y":62,"w":20,"h":30},"rotated":false,"trimmed":false,"spriteSourceSize":{"x":0,"y":0,"w":20,"h":30},"sourceSize":{"w":20,"h":30}},"kid12":{"frame":{"x":84,"y":0,"w":20,"h":30},"rotated":false,"trimmed":false,"spriteSourceSize":{"x":0,"y":0,"w":20,"h":30},"sourceSize":{"w":20,"h":30}},"kid13":{"frame":{"x":84,"y":31,"w":20,"h":30},"rotated":false,"trimmed":false,"spriteSourceSize":{"x":0,"y":0,"w":20,"h":30},"sourceSize":{"w":20,"h":30}},"kid14":{"frame":{"x":84,"y":62,"w":20,"h":30},"rotated":false,"trimmed":false,"spriteSourceSize":{"x":0,"y":0,"w":20,"h":30},"sourceSize":{"w":20,"h":30}},"kid15":{"frame":{"x":0,"y":93,"w":20,"h":30},"rotated":false,"trimmed":false,"spriteSourceSize":{"x":0,"y":0,"w":20,"h":30},"sourceSize":{"w":20,"h":30}}},"meta":{"app":"https://www.leshylabs.com/apps/sstool/","version":"Leshy SpriteSheet Tool v0.8.4","image":"kid.png","size":{"w":104,"h":123},"scale":1}}