{"frames":{"kid_flash00":{"frame":{"x":21,"y":0,"w":20,"h":30},"rotated":false,"trimmed":false,"spriteSourceSize":{"x":0,"y":0,"w":20,"h":30},"sourceSize":{"w":20,"h":30}},"kid_flash01":{"frame":{"x":0,"y":62,"w":20,"h":30},"rotated":false,"trimmed":false,"spriteSourceSize":{"x":0,"y":0,"w":20,"h":30},"sourceSize":{"w":20,"h":30}},"kid_flash02":{"frame":{"x":0,"y":31,"w":20,"h":30},"rotated":false,"trimmed":false,"spriteSourceSize":{"x":0,"y":0,"w":20,"h":30},"sourceSize":{"w":20,"h":30}},"kid_flash03":{"frame":{"x":21,"y":31,"w":20,"h":30},"rotated":false,"trimmed":false,"spriteSourceSize":{"x":0,"y":0,"w":20,"h":30},"sourceSize":{"w":20,"h":30}},"kid_flash04":{"frame":{"x":42,"y":0,"w":20,"h":30},"rotated":false,"trimmed":false,"spriteSourceSize":{"x":0,"y":0,"w":20,"h":30},"sourceSize":{"w":20,"h":30}},"kid_flash05":{"frame":{"x":42,"y":31,"w":20,"h":30},"rotated":false,"trimmed":false,"spriteSourceSize":{"x":0,"y":0,"w":20,"h":30},"sourceSize":{"w":20,"h":30}},"kid_flash06":{"frame":{"x":63,"y":0,"w":20,"h":30},"rotated":false,"trimmed":false,"spriteSourceSize":{"x":0,"y":0,"w":20,"h":30},"sourceSize":{"w":20,"h":30}},"kid_flash07":{"frame":{"x":63,"y":31,"w":20,"h":30},"rotated":false,"trimmed":false,"spriteSourceSize":{"x":0,"y":0,"w":20,"h":30},"sourceSize":{"w":20,"h":30}},"kid_flash08":{"frame":{"x":0,"y":0,"w":20,"h":30},"rotated":false,"trimmed":false,"spriteSourceSize":{"x":0,"y":0,"w":20,"h":30},"sourceSize":{"w":20,"h":30}},"kid_flash09":{"frame":{"x":21,"y":62,"w":20,"h":30},"rotated":false,"trimmed":false,"spriteSourceSize":{"x":0,"y":0,"w":20,"h":30},"sourceSize":{"w":20,"h":30}},"kid_flash10":{"frame":{"x":42,"y":62,"w":20,"h":30},"rotated":false,"trimmed":false,"spriteSourceSize":{"x":0,"y":0,"w":20,"h":30},"sourceSize":{"w":20,"h":30}},"kid_flash11":{"frame":{"x":63,"y":62,"w":20,"h":30},"rotated":false,"trimmed":false,"spriteSourceSize":{"x":0,"y":0,"w":20,"h":30},"sourceSize":{"w":20,"h":30}},"kid_flash12":{"frame":{"x":84,"y":0,"w":20,"h":30},"rotated":false,"trimmed":false,"spriteSourceSize":{"x":0,"y":0,"w":20,"h":30},"sourceSize":{"w":20,"h":30}},"kid_flash13":{"frame":{"x":84,"y":31,"w":20,"h":30},"rotated":false,"trimmed":false,"spriteSourceSize":{"x":0,"y":0,"w":20,"h":30},"sourceSize":{"w":20,"h":30}},"kid_flash14":{"frame":{"x":84,"y":62,"w":20,"h":30},"rotated":false,"trimmed":false,"spriteSourceSize":{"x":0,"y":0,"w":20,"h":30},"sourceSize":{"w":20,"h":30}},"kid_flash15":{"frame":{"x":0,"y":93,"w":20,"h":30},"rotated":false,"trimmed":false,"spriteSourceSize":{"x":0,"y":0,"w":20,"h":30},"sourceSize":{"w":20,"h":30}}},"meta":{"app":"https://www.leshylabs.com/apps/sstool/","version":"Leshy SpriteSheet Tool v0.8.4","image":"kid_flash.png","size":{"w":104,"h":123},"scale":1}}